<?xml version="1.0" encoding="UTF-8"?>
<model package="commerce_multilang" baseClass="comSimpleObject" platform="mysql" defaultEngine="InnoDB" phpdoc-package="commerce_multilang" version="1.1">

    <object class="CMLProduct" extends="comProduct" inherit="single">
        <composite alias="ProductLanguage" class="CMLProductLanguage" local="id" foreign="product_id" cardinality="many" owner="local" />
    </object>


    <object class="CMLProductLanguage" table="commerce_multilang_product_languages" extends="xPDOSimpleObject">
        <field key="product_id" dbtype="int" precision="10" attributes="unsigned" phptype="integer" null="false" />
        <field key="lang_key" dbtype="varchar" precision="10" phptype="string" null="false" />
        <field key="name" dbtype="varchar" precision="191" phptype="string" null="false" default="" />
        <field key="description" dbtype="text" phptype="string" null="true" />
        <field key="content" dbtype="mediumtext" phptype="string" null="true" />

        <aggregate alias="Product" class="CMLProduct" local="product_id" foreign="id" cardinality="one" owner="foreign" />

        <index alias="product_id" name="product_id" primary="false" unique="false" type="BTREE">
            <column key="product_id" length="" collation="A" null="false" />
        </index>
        <index alias="lang_key" name="lang_key" primary="false" unique="false" type="BTREE">
            <column key="lang_key" length="" collation="A" null="false" />
        </index>
    </object>

    <object class="CMLProductImage" table="commerce_multilang_product_images" extends="xPDOSimpleObject">
        <field key="product_id" dbtype="int" precision="10" attributes="unsigned" phptype="integer" null="false" />

        <composite alias="ProductImageLanguage" class="CMLProductImageLanguage" local="id" foreign="product_image_id" cardinality="many" owner="local" />
        <aggregate alias="Product" class="CMLProduct" local="product_id" foreign="id" cardinality="one" owner="foreign" />

        <index alias="product_id" name="product_id" primary="false" unique="false" type="BTREE">
            <column key="product_id" length="" collation="A" null="false" />
        </index>

    </object>

    <object class="CMLProductImageLanguage" table="commerce_multilang_product_image_languages" extends="xPDOSimpleObject">
        <field key="product_image_id" dbtype="int" precision="10" attributes="unsigned" phptype="integer" null="false" />
        <field key="lang_key" dbtype="varchar" precision="10" phptype="string" null="false" />
        <field key="title" dbtype="varchar" precision="191" phptype="string" null="true" />
        <field key="alt" dbtype="varchar" precision="191" phptype="string" null="true" />
        <field key="image" dbtype="varchar" precision="191" phptype="string" null="false" default="" />
        <field key="description" dbtype="text" phptype="string" null="true" />
        <aggregate alias="ProductImage" class="CMLProductImage" local="product_image_id" foreign="id" cardinality="one" owner="foreign" />

        <index alias="product_image_id" name="product_image_id" primary="false" unique="false" type="BTREE">
            <column key="product_image_id" length="" collation="A" null="false" />
        </index>
        <index alias="lang_key" name="lang_key" primary="false" unique="false" type="BTREE">
            <column key="lang_key" length="" collation="A" null="false" />
        </index>
    </object>

</model>